200013,Stephen J. Fox
200014,Karina X. Jacobs
200015,Anne N. Lamb
200016,Hamish T. Pennington
200017,Roary O. Gonzalez
200018,Elmo C. Schroeder
200019,Idona U. Cole
200020,Lev G. Puckett
200021,Macy N. Foley
200022,Priscilla L. Cooper
200023,Garth Z. Howell
200024,Hasad D. Becker
200025,Ezra Q. Wade
200026,Robin O. Dickson
200027,Noah R. Ryan
200028,Danielle R. Horne
200029,Nasim E. Cochran
200030,Roth D. Estrada
200031,Macon A. Mcdowell
200032,Camilla H. Noel
200033,Stewart T. Delgado
200034,Doris Z. Mitchell
200035,Allegra Q. Sims
200036,Ignatius I. Walker
200037,Branden N. Cantrell
200038,Yolanda O. Solis
200039,Dean H. Drake
200040,Amethyst I. Barron
200041,Nelle K. Mcintyre
200042,Ginger D. Padilla
200043,Keefe F. Castaneda
200044,Cole P. Jordan
200045,Thor U. Stokes
200046,Hillary B. Clark
200047,Herrod H. Pruitt
200048,Fletcher F. Schmidt
200049,Dante N. Wagner
200050,Dexter M. Aguilar
200051,Lane S. Mullins
200052,Sydney D. Vaughan
200053,Hanna P. Mason
200054,Regina L. Long
200055,Cade L. Morgan
200056,Damian E. Blanchard
200057,Beau X. Barrett
200058,Claire U. Schroeder
200059,Mannix E. Patrick
200060,Dora O. Miles
200061,Axel D. Waters
200062,Emma A. Cotton
200063,Jescie B. Zamora
200064,Phoebe A. Bradford
200065,Ashely P. Monroe
200066,Macy D. Armstrong
200067,Emery O. Morse
200068,Nathan L. Rowe
200069,Minerva J. Calhoun
200070,Jayme Y. Horne
200071,Aiko T. Atkins
200072,Helen K. Harper
200073,Jerome Z. Vance
200074,Cynthia J. Snider
200075,Sara F. Santos
200076,Matthew R. Le
200077,Valentine X. Burgess
200078,Justina N. Delgado
200079,Todd D. Lowery
200080,Jenette Y. Hurley
200081,Maxwell N. Terrell
200082,Gay R. Fischer
200083,Keiko T. Mckee
200084,Logan S. Zamora
200085,Magee B. Acevedo
200086,Destiny N. Koch
200087,Belle R. Mathews
200088,Louis M. Cameron
200089,Yuli Q. Fleming
200090,Judah H. Freeman
200091,Nero C. Nelson
200092,Beck Z. Charles
200093,Signe Q. Osborne
200094,Pandora N. Monroe
200095,Oprah C. Meyer
200096,Rinah Q. Hays
200097,Desiree U. Gates
200098,Oleg U. Kirby
200099,Bree B. Nieves
200100,Kato O. Atkinson
200101,Vera U. Duke
200102,Farrah R. Hill
200103,Maya N. Porter
200104,Nola I. Owens
200105,Palmer V. Palmer
200106,Deborah J. Carter
200107,Jade D. Hawkins
200108,Keaton G. Mcfarland
200109,Amal A. Erickson
200110,Diana A. Stafford
200111,Jacob M. Galloway
200112,Aretha S. Rojas