(258) 8545799,Madeline Lamzed,
(758) 2342293,Kippie Broadwell,
(119) 9135116,Berni Beining,
(517) 9813789,Marcela German,
(389) 5523934,Crissie Nafziger,
(556) 6316536,Shayne Turner,
(803) 7404317,Lyndsay Marxsen,
(682) 7776893,Lind Renton,
(378) 1821309,Xenia Thatcham,
(989) 8030651,Laurie Kinney,
(134) 2489052,Kimmie Bernardinelli,
(297) 4246086,Laraine Weatherley,
(201) 8264669,Arabele Evenett,
(870) 5445401,Johan O'Gready,
(517) 7160405,Timotheus Chalfant,
(278) 9115484,Anna-maria Iskov,
(233) 9388823,Chrissie Baroc,
(844) 3602724,Towney Janssens,
(390) 2815693,Tiff Flux,
(461) 6332819,Shane Oppie,
(993) 6363427,Kathryne Chance,
(502) 1728389,Olivier Tift,
(789) 6145851,Egor Gerauld,
(767) 5402094,Torie Farge,
(523) 6863685,Darya Othick,
(378) 5547696,Priscella Wheowall,
(714) 3943531,Glyn Dike,
(852) 4275961,Benito Boots,
(369) 8650323,Dicky Shipperbottom,
(199) 5435356,Tracee Penfold,
(155) 5464363,Alfred Dadley,
(630) 7584365,Inessa O'Finan,
(886) 3747797,Timmy Kolczynski,
(803) 4481914,Raul Lowndsborough,
(248) 7022608,Shurwood Mayfield,
(359) 9985368,Alecia Monnery,
(724) 2712403,Giorgi Le Noire,
(552) 5131245,Nobie Le Noir,
(419) 2202766,Marylou Ivasyushkin,
(956) 3080379,Kelila Seabourne,
(984) 2671960,Jennine Fletham,
(899) 8421308,Mariann Courtenay,
(399) 9673008,Sileas Surgenor,
(305) 9498492,Donalt Fery,
(267) 2112203,,
(681) 2914254,Stephanie Major,
(822) 9283094,Jany Frye,
(410) 5751390,Jacky Sifflett,
(347) 6257858,Cecily Clifft,
(688) 4541108,Leticia Tax,
(848) 8338260,Emilia MacGiolla Pheadair,
(183) 7410258,Karlens Knaggs,
(501) 8621770,Nissy Glamart,
(842) 9537284,Woodrow Plews,
(990) 4737846,Vilma Shaw,
(216) 6178930,Yvor Bernier,
(583) 7847641,Debra Evesque,
(845) 6813197,Marlyn Linden,
(968) 6016176,Ronda Ickowics,
(362) 5252243,Gracia De Andisie,
(555) 5379703,Susanetta Wyson,
(524) 9457874,Dredi Gosneye,
(182) 8683890,Simonne Vedeshkin,
(166) 1235889,Parry Lazonby,
(158) 7304919,Sonnie Casella,
(472) 6100567,Mellie Trevance,We need a Spanish speaker guide.
(620) 4484034,Innis Quirk,
(587) 2233196,Coreen Mudd,
(522) 4494133,Eugenia Rye,
(116) 6431080,Juliana King,
(345) 9145467,Melonie Fitzpatrick,
(792) 9693046,Aldric Howlin,
(930) 4240643,Aleda Britzius,
(778) 3101255,Johna Elfitt,
(121) 3171609,Jasun Dibling,
(612) 1683951,Meredith Medwell,
(373) 6665178,Aurea Hallmark,
(547) 5089472,Frazier Willbond,
(550) 5583036,Dinah Ovise,
(683) 1317568,Giselbert McConnell,
(444) 4146689,Timi Grimston,
(875) 4068944,Erv Farny,
(153) 2363258,Casandra Ceeley,
(167) 5742591,Gweneth Maus,
(129) 5873282,Riannon Gocke,
(576) 8174687,Kylen Willans,
(677) 9868358,Helga Collinge,
(928) 9367975,Jabez Ellwell,
(629) 8728211,,
(987) 4721323,Leyla Snipe,
(563) 7445847,Maddy Trickey,
(837) 9946290,Floria Mose,
(955) 5670587,Romy Paeckmeyer,
(392) 8204899,Annora Kellett,
(332) 1571824,Jeremias Ligerton,
(976) 9728305,Oona Ashfull,
(584) 4895393,Geneva Trenouth,
(567) 5160432,Torey Struther,
(233) 3036923,Goddard Willingham,
(889) 2571562,Katine Bonas,
(415) 9307851,Matthaeus Kennermann,
(464) 1139854,Clarinda Dzenisenka,
(759) 8073640,Bendix Torr,
(386) 1752652,,
(879) 9715749,Timi McGilvra,
(540) 7850381,Jackie Bordiss,
(504) 7672315,Ford Cadden,
(805) 4767290,Harley Craighall,
(136) 2668332,Mignon Peasee,
(214) 2686991,Dewey Ancketill,
(180) 1688824,Olav McLeese,
(221) 1684585,Dulcia Farish,
(501) 5309674,Filbert Ivimy,
(525) 8975679,Rudolph Eingerfield,
(604) 9255429,Harbert Bench,
(380) 9387128,Isidoro Miklem,
(603) 5675623,Cyndie Pancast,
(899) 4765957,Maryanna Sackler,
(483) 2645786,Brody Bonham,
(566) 6867888,,
(358) 2912135,Aldis Raspin,
(993) 4797837,Dido Bellam,
(394) 3139469,Worth Scarffe,
(171) 1191936,Abrahan Larver,
(324) 8968054,Ahmad Yaakov,
(235) 7862376,Armand Carr,
(715) 8321809,Salomon Lackington,
(204) 2148395,Lynette Gerriet,
(505) 6693627,Adriena Fowlie,
(852) 6981330,Matelda Aldins,
(542) 3876302,Newton Ryder,
(947) 9734437,Merrile Younie,
(476) 5176141,Mariquilla Cadney,
(974) 9422979,Delainey Freyne,
(744) 7394340,Wheeler Farnin,
(106) 1681441,Mar Tulley,
(137) 5185427,Wolf Cooley,
(461) 9670582,Llywellyn Mowle,
(979) 6775602,Briggs Hunting,
(135) 6672829,Teddie Lepoidevin,
(296) 6691812,Toby Corballis,
(134) 9505658,Grantham Baffin,
(389) 1363330,Sheelagh Swaton,
(357) 9789992,Gael Tinto,
(873) 1471773,Aldo Goodhall,
(789) 7350100,Dixie Giabuzzi,
(839) 9380303,Winnie Calwell,
(531) 1316646,Leeanne Freire,
(515) 6847352,Sibylla Yewdell,
(407) 8835863,Euphemia Coleman,
(921) 5129288,Borden Wessel,
(578) 4401888,Bonni Nezey,
(673) 8050757,Anastasia Morando,
(652) 1517451,Germain Downing,
(704) 5605317,Audie Jako,
(836) 6102509,Drusie Moors,
(521) 3989711,Verena Cliffe,
(906) 8620027,Nikita Smallshaw,
(813) 6187372,Sheree Gaymar,
(300) 4468199,Estell Claricoates,
(978) 9604385,Birdie Gookey,
(450) 6943972,Alfonso Longhurst,
(290) 3618366,Kaiser Jorden,
(224) 7692551,Salome Minifie,
(618) 6427103,Westbrook Hyde-Chambers,
(750) 7210983,Gerick Moncrefe,
(391) 9144338,Herman Fotheringham,
(403) 4451539,Bengt Bunyan,
(857) 8459348,Aimee Boame,
(382) 9579113,Cindi Dryburgh,
(990) 3079703,Cristal Valance,
(205) 9954303,Lyell Chaplin,
(476) 6261762,Adriane Houlson,
(565) 7031302,Tirrell Cromar,
(988) 7703130,Madel Lindgren,
(717) 8187175,Herby Taberer,
(581) 1045057,Alaine Cereceres,
(405) 9845111,Robby Crighton,
(845) 4496076,Deina Antoniottii,
(911) 5725428,Gustaf Lynagh,
(273) 7634474,Rosemaria Harry,
(178) 8646600,Brandtr Toland,
(622) 9239389,Tedman Slessor,
(253) 1746373,Carmelina Martyntsev,
(256) 2176607,Cosmo Drysdall,
(105) 9867159,Gabi Menci,
(878) 4278108,Fernandina Venediktov,
(671) 4423929,Tamra Pinilla,
(609) 7642471,Florry Milmith,
(159) 8516642,Barthel Albany,
(509) 5913804,Shandie Dickman,
(510) 2361137,Vanda Rosendall,
(523) 4545100,Noemi Costar,
(571) 3964907,Essy Speachley,
(955) 2988646,Kaspar Vanes,
(934) 8246542,Correna Duferie,
(698) 6844276,Kile Galloway,
(100) 1057465,Pavia Ovize,
(223) 8434267,Shani Chue,
(804) 4097062,Beverlee Rowlett,
